id,created_at,retweet_count,text
1034662381056487424,2018-08-29 04:41:49,20,"IISc alumni of various batches met at Chicago on Aug 26 along with the Director and several faculty members, in an event organized by @iiscaana (Photo credit: Tanmoy Pal) https://t.co/8cOtVtyjzI"
1034298797143158784,2018-08-28 04:37:04,15,"RT @writetake: #PeoplesScientist Dr K Sivan, Chairman @isro with future aerospace stars of @iiscbangalore during 37 Annual Brahm Prakash Me…"
1032865596591853568,2018-08-24 05:42:02,5,RT @fishtiaq: #Researchers from @iiscbangalore and @sheffielduni have studied how smaller herbivores are being sensitive to the alarming ch…
1028945717711106048,2018-08-13 10:05:50,18,"RT @moesgoi: Prof. Sekhar Muddu is a Professor in Department of Civil Engineering, IISc, Bengaluru. In recognition to his contributions in…"
1028868860693250049,2018-08-13 05:00:26,18,"IISc Director Prof. Anurag Kumar will hold two interactive sessions with young researchers interested in faculty positions at IISc, on Aug 27 @ University of Chicago &amp; Aug 30 @ Johns Hopkins University. Please sign up by Aug 15 to attend these sessions at: https://t.co/26O2CYjbK5"
1028193261809152000,2018-08-11 08:15:51,19,"RT @NITIAayog: Chaired by Adviser (Industry) @annaroy9, an Interactive session is currently underway with representatives from academia, pr…"
1028158701620813824,2018-08-11 05:58:31,7,Several faculty members and post-doctoral fellows from IISc have been recommended for the @India_Alliance Early Career &amp; Intermediate Fellowships under the basic biomedical research category https://t.co/hEtFQys07W https://t.co/QBwkxbIhS9
1027427783998242818,2018-08-09 05:34:07,23,"Avra Labs has made a generous philanthropic contribution to support a state-of-the-art 300-seater auditorium in the upcoming Chemical Sciences building at IISc. The auditorium will be named after founder &amp; CMD Dr. AV Rama Rao, a renowned organic chemist. https://t.co/DbSmAaadRH https://t.co/2kxKht370M"
1027138037447180289,2018-08-08 10:22:46,7,"Two faculty members, Dr. Mayank Shrivastava (DESE) and Dr. Arpita Patra (CSA), have received the NASI Young Scientist Platinum Jubilee Award 2018 https://t.co/wVwUViOHGS https://t.co/l9hb4FnqHg"
1026803132045488128,2018-08-07 12:11:58,27,"In a new study, researchers from IISc report an atom-to-circuit modeling tool to estimate the performance of 2D materials https://t.co/N1Ny6N1Nka
https://t.co/CL6fmZx1Lm https://t.co/UHF4oEeLYr"
1024201872020656129,2018-07-31 07:55:29,36,"RT @thewire_in: Kusala Rajendran, a seismologist, has won the first national award for women scientists. Read about her research around the…"
1024183899948179457,2018-07-31 06:44:04,10,Researchers led by Prof G Mugesh (IPC) have figured out a way to boost the movement of fluorescent probes across the cell membrane -- substituting 2 hydrogen atoms with iodine increases their cellular uptake from ~5% to 98%. https://t.co/T43e1FqdPA https://t.co/SRumtX4RuL https://t.co/s7CDqOLyFr
1023793780187488256,2018-07-30 04:53:53,39,Prof. Kusala Rajendran (Earth Sciences) and Prof. M. Sekhar (Civil Engg) receive prestigious national awards from Ministry of Earth Sciences. https://t.co/zSDK46qVKq
1022017277846347776,2018-07-25 07:14:41,7,RT @CeNSEatIISc: @CeNSEatIISc @iiscbangalore start-up PATHSHODH honoured for Anupath product at #DesignImpactAwards bravo team pathshodh a…
1020173383466549248,2018-07-20 05:07:43,676,"RT @aparanjape: IISc Bangalore alumnus-run Akshaya Patra is the world's largest mid-day meal provider, feeds 1.7 million children across In…"
1019506021868265472,2018-07-18 08:55:51,15,"RT @NatureInd: Cholesterol helps bacterial toxins kill cells, @iiscbangalore scentists find https://t.co/q3zJ1ZYzqa https://t.co/51a5FRtL96"
1018021814579146753,2018-07-14 06:38:09,103,A compact and efficient supercapacitor printed on a flexible plastic sheet has been developed by researchers at IISc https://t.co/0tJkAyimi6 https://t.co/HSZ8w7YZ44 https://t.co/DNnmsWOCH5
1016722222566780928,2018-07-10 16:34:02,38,"IISc has been accorded the prestigious Institution-of-Eminence status by the Ministry of HRD

https://t.co/r9qsgufUIZ"
1012519940371316736,2018-06-29 02:15:40,8,https://t.co/ztD38qtNCe https://t.co/46Oh2wGqHd
1011957107321520128,2018-06-27 12:59:10,52,"aNANt: An open-access online repository of functional materials which hosts electronic &amp; structural properties of more than 10000 materials has been developed by researchers at MRC, IISc https://t.co/UJOJ7YE9pr https://t.co/dFfogrrfKB https://t.co/MOmT80wjBP"
1011556858094448640,2018-06-26 10:28:43,14,"RT @Bioconlimited: In her convocation address at @iiscbangalore, #Biocon CMD @KiranShaw emphasized on the importance of #Academia in inspir…"
1011250212789030912,2018-06-25 14:10:13,25,RT @kiranshaw: It was an honour to deliver the convocation address at IISc on the theme “Academia must inspire Society through Science” - s…
1011148590947844096,2018-06-25 07:26:24,23,"RT @TheHinduScience: IISc researchers find asthma drug effective in treating TB
https://t.co/QRYX9DxZ0f"
1010104833703989248,2018-06-22 10:18:53,13,"This year's convocation will be held on Monday, June 25, 2018 at IISc. Honoured to have @kiranshaw as the Chief Guest. https://t.co/uTzVBYxaS7"
1009987022163927040,2018-06-22 02:30:45,25,"The Centre for Continuing Education at IISc will be offering 30 Proficience courses for working professionals during the Aug-Dec 2018 term. 

For more details about courses and how to apply, please visit: https://t.co/kXeeVAH2vi"
1009747540021936128,2018-06-21 10:39:08,27,"RT @TIFRScience: TIFR scientists, in collaboration with IISER Pune and @iiscbangalore , discover how the liver controls fat flow into the b…"
1009693365015756800,2018-06-21 07:03:52,76,What was life at IISc like for some of the early women students and faculty members? The institute's Connect magazine features some of their recollections &amp; an interview with 101-yr-old alumna Violet Bajaj + other interesting stories from IISc's past: https://t.co/aJ9i3GSKVd https://t.co/Tvpvo3gYnz
1009667524835676160,2018-06-21 05:21:11,15,"RT @firstpost: #WomenInScience Prerna Sharma recounts her journey in research at the intersection of physics and biology, this week on @lab…"
1008976760208125952,2018-06-19 07:36:20,29,"RT @NCBS_Bangalore: SPEEC-UP is back! An exciting one-day conference with student presentations on Ecology, Evolution, Environmental Scienc…"
1008599343375396864,2018-06-18 06:36:36,38,"RT @HRDMinistry: Smart India Hackathon 2018 - Hardware Edition aims at young,technical minds of the Nation to showcase their innovations an…"
1008549981035196416,2018-06-18 03:20:28,11,"RT @tech2eets: With 50,000 #students participating, Smart India Hackathon's five-day grand finale will start on 18 June at the IISc, Bengal…"
1006776016407289857,2018-06-13 05:51:21,89,"A quantum ""leaf"" for artificial photosynthesis -- capturing &amp; converting carbon dioxide to fuel and oxygen -- has been developed by IISc researchers using biocompatible and inexpensive materials https://t.co/0JqPYyCmiR https://t.co/OMyrso8OvX https://t.co/D1A1g5p7in"
1006454563614818304,2018-06-12 08:34:01,24,RT @indianscinews: Researchers from Indian Institute of Science recreating precipitation trends of the cretaceous era (65 million year ago)…
1004595190135263232,2018-06-07 05:25:32,18,"RT @FranceinIndia: Had a fruitful exchange with Prof Anurag Kumar, Director of @iiscbangalore, a premier research institution, &amp; discussed…"
1004582791294607360,2018-06-07 04:36:16,79,"RT @PrakashJavdekar: Congrats @iiscbangalore for being ranked number two in the world in 'research impact per faculty member' category, mov…"
1004331288851955712,2018-06-06 11:56:53,25,"RT @NTUsg: In partnership with renowned Indian Institute of Science, Bangalore @iiscbangalore, #NTUsg will offer joint supervision and rese…"
1004224594499198976,2018-06-06 04:52:55,14,RT @InfosysPrize: Laureate Yamuna Krishnan @KrishnanYamuna of @UChicago will give a talk on July 2 at @iiscbangalore #InfosysPrizeLectures…
1003899954098626560,2018-06-05 07:22:55,14,How can we adapt artificial vision systems to understand natural scenes with minimal supervision? A recent IISc study to be presented at the CVPR conference proposes a novel adversarial learning approach https://t.co/yZ8yEK7uzP https://t.co/I3ZowZT8bu
1003863082987212800,2018-06-05 04:56:24,14,RT @designatiisc: CPDM students' product 'LifeBox' in ToI today https://t.co/c80tCH4u4m
1002551832000978945,2018-06-01 14:05:57,13,"RT @cambridgeindia: Congratulations to @iiscbangalore!
Proud to be the publishing partner of IISc, the only Indian Institute to feature in…"
1002075815901782018,2018-05-31 06:34:26,109,"IISc has made it to the top 100 in the Times Higher Education World Reputation Rankings 2018 -- the only Indian institution in the list.
https://t.co/xfbhTLZG2w"
1001329762881585153,2018-05-29 05:09:53,48,"Researchers at IISc have figured out an efficient way to reduce the large band gap in ferroelectric materials, which could improve their efficiency at converting sunlight to electricity. 
https://t.co/6wmlcD08im
https://t.co/Q7kKACAU44 https://t.co/ob5TwSXBJ9"
1001005821138894848,2018-05-28 07:42:40,32,RT @TheHinduScience: Nanomaterials that can behave like human enzymes have now been successfully synthesized https://t.co/4ZAmbNS812
1000955137119039488,2018-05-28 04:21:16,62,"RT @tatatrusts: Founded on this day in 1909, the Indian Institute of Science (IISc) has evolved into one of the most prestigious centres fo…"
999498526512959490,2018-05-24 03:53:13,17,"A new study examines the contribution of submarine groundwater discharge to dissolved ion concentration in the Bay of Bengal, with important implications for understanding how seawater chemistry evolves over geological timescales https://t.co/VljyhkZ3IW https://t.co/4NDHaFnqpv https://t.co/3lrxsYGiTl"
996976947941920768,2018-05-17 04:53:21,21,"The DST Centre for Policy Research calls for applications for the DST-Science, Technology, and Innovation Policy Fellowship Programme. Deadline: June 10, 2018. More details at https://t.co/PLs9LcgKNw"
995965373047455744,2018-05-14 09:53:43,17,"Mimyk, a spin-off from IISc, has developed an indigenous endoscopy simulator that combines haptics, design &amp; virtual reality, and offers an immersive and cost-effective way to train doctors in endoscopy procedures. 
https://t.co/bsYMY5oVSN https://t.co/50v4GeLzOf"
994872020394442752,2018-05-11 09:29:08,0,@kabirhbiswas The IISc website has had some recent minor technical issues. Please clear your browser cache and try the link again.
994808743467651078,2018-05-11 05:17:41,47,"Research at IISc has enabled the integration of multiple microprocessor chips comprising tiny 3D transistors called FinFETs inside a single unit. This could improve the lifetime of smart devices such as phones &amp; tablets, while reducing size and cost https://t.co/JLCSONrEBj https://t.co/hA2SNFKYdT"
994575589670502401,2018-05-10 13:51:13,41,RT @PrakashJavdekar: .@iiscbangalore is India's pride. Congratulations team #IISC for improving the ranking to 13 from 14 in @timeshighered…
994489872692887552,2018-05-10 08:10:37,39,How does the brain process colour? A new IISc study reveals that the colour red triggers strong gamma oscillations in a part of the brain involved in visual processing https://t.co/g8wI6yBY8Y https://t.co/ICoKi0fxgz https://t.co/EL2ZOQlzo2
994092033240252416,2018-05-09 05:49:44,46,"IISc researchers have developed a new ceramic material which could greatly cut down the cost of devices that use piezoelectricity, from inkjet printers to scanning tunnelling microscopes https://t.co/y474qJD15q https://t.co/9QZxAS9XxJ https://t.co/vI0F5ETfAP"
991657603133403137,2018-05-02 12:36:11,25,"A previously unknown gene mutation which is linked to an aggressive form of a deadly brain tumour has been identified by IISc researchers: 
https://t.co/KaFwSHzfDl https://t.co/Ltj8ULi01O https://t.co/zVHnXjUaRu"
991299783032688640,2018-05-01 12:54:20,42,How do organisms decide whether to group with their own or with other species? A new study from @CES_IISc provides some insights into the factors that drive this choice https://t.co/al0wxOEatV https://t.co/5zvJQBriLs
990938568334852096,2018-04-30 12:59:00,19,RT @forbes_india: #InnovationNation | IISc has also become a cradle of sorts for health care startups: https://t.co/LyCO0GFkcM | By @anshul…
990871588651200512,2018-04-30 08:32:50,27,"Faculty members Dr. Prerna Sharma (Physics) &amp; Dr. Mayank Shrivastava (DESE) have received the INSA Medal for Young Scientists 2018, for their innovative contributions to the fields of soft matter physics and power electronics respectively. https://t.co/aVaO2iYJmz https://t.co/cqdfoOUIBV"
990430744253054978,2018-04-29 03:21:05,39,"Inspired by patterns seen in the eyes of insects, IISc researchers have developed a moldable nanoscale platform for boosting the performance of organic solar cells https://t.co/8CFFjTC1aG https://t.co/CeUJmjjqME"
990108018258857985,2018-04-28 05:58:41,25,"RT @TheWireScience: A journey to the centre of the cell https://t.co/8BDFKGEbC1 

Scientists from Bangalore have designed nanomotors, which…"
988769454120058880,2018-04-24 13:19:42,21,iLIFE: next-gen 3D imaging cytometry system that can visualize a variety of biological specimens developed by IISc researchers https://t.co/74FsfwxbYm https://t.co/2qsBHzmohM
987287881533108225,2018-04-20 11:12:28,31,"In the last few years, the institute has ramped up its efforts to support science and technology startups aimed at real-world impact, through its Society for Innovation and Development (SID) 
https://t.co/p8Lwq5a13z"
986863479377215488,2018-04-19 07:06:03,21,RT @NatureInd: Scientists at @iiscbangalore produce a silicon-based platform to grow rat cardiac muscle cells -- promising for the study of…
986804855162351617,2018-04-19 03:13:06,6,"@CeNSEatIISc is leading the effort to develop I-STEM, a national online portal that will provide researchers easy access to equipment and facilities across the country https://t.co/VGiC1NemqM"
986148938209112065,2018-04-17 07:46:43,43,"PEDL, a smart cycle sharing initiative by Zoomcar, has now made available over 100 bicycles on the IISc campus, providing users an eco-friendly mode of transport https://t.co/6shxO4ysTB https://t.co/s3LtRgoCUV https://t.co/vwx6ZvPLVH"
986054150298284032,2018-04-17 01:30:04,37,RT @IEEESpectrum: Remotely controlled  machines that can be steered around the insides of cells could mean revolutionary changes for drug d…
985029344731934720,2018-04-14 05:37:51,11,"RT @CeNSEatIISc: Congratulations to Navakanta Bhat for being awarded the ""Abdul Kalam Technology Innovation National Fellowship"" @iiscbanga…"
984699056080367616,2018-04-13 07:45:24,21,"As part of the ongoing ""India on our mind"" maps exhibition @ Faculty Hall, IISc, a talk will be given by Commander Abhilash Tomy, the 1st Indian &amp; 2nd Asian to circumnavigate the globe under sails, on Monday, Apr 16 at 5 pm. https://t.co/lAAZ6CI221"
984413041088282624,2018-04-12 12:48:53,5,RT @socialniscair: RGUHS and IISc to identify potential #dengue biomarkers https://t.co/jmH3Dqoef8 via @bangaloremirror
984261192217608192,2018-04-12 02:45:29,25,"RT @TheHinduScience: Researchers from @iiscbangalore have tabulated that by 2030, if ‘business as usual’ continues, the city will see an in…"
983974564018434048,2018-04-11 07:46:32,23,RT @NCBS_Bangalore: Time again for the monthly Public Lecture Series by the #NCBS #archives. This month: The Conception and Birth of the In…
981126381512699904,2018-04-03 11:08:52,84,"IISc has been ranked once again as India's #1 institution overall, and #1 university in the latest MHRD NIRF rankings https://t.co/mqQ5DVDN1e"
980786271223083009,2018-04-02 12:37:23,26,New IISc study examines the role of genetic diversity of immune response in the spread of infections such as H1N1 flu https://t.co/PxjODXloK2
980276954493370368,2018-04-01 02:53:33,20,"RT @Connect_IISc: How IISc Found a Home in Bangalore
https://t.co/dA0FMFaPW4 https://t.co/6yitlUCDo0"
979606074012581889,2018-03-30 06:27:42,199,"RT @Neelavanam: ""Heaven on Earth""
Was driving through @iiscbangalore and spotted this beautiful Blue Petria tree and I thought this must be…"
979244727974338560,2018-03-29 06:31:51,6,RT @Connect_IISc: What does it mean to be a retired scientist continuing to pursue research? The answer to this forms the narrative in a me…
978237096996495360,2018-03-26 11:47:53,32,"Scientists from IISc and Rice University have found a way to make thin 2D sheets of gallium, called ""gallenene"", with potential applications in plasmonics, sensors &amp; electrical contacts https://t.co/kDCXEHdFLj https://t.co/m5aS5uepE9"
978098993057038336,2018-03-26 02:39:06,51,RT @TheHinduScience: A new type of magnetic nanomotors that can generate localised heating to kill #Cancer cells have been developed by res…
976744152644792321,2018-03-22 08:55:27,15,"Prof. Amaresh Chakrabarti (CPDM) has received the Outstanding Research Award in the field of Decision Sciences during 2015-17, from Careers360. Hon’ Union Minister of HRD Shri. Prakash Javadekar gave away the awards on Mar 20. https://t.co/YzkUj6mZNJ https://t.co/jyygCkmsI0"
976330552964915200,2018-03-21 05:31:57,22,The exhibition will be on display at IISc until April 18 https://t.co/8yy1Q4IgQd https://t.co/4YkXwQLEmX
976121694388498432,2018-03-20 15:42:02,20,"IISc Centenary Lecture will be delivered by Prof. Venkatesh Narayanamurti, Harvard University, in Faculty Hall on Mar 21 @ 4 pm https://t.co/c64tHLVU83"
975626575503769600,2018-03-19 06:54:36,38,"Water molecules play a key role in stabilizing insulin structure when it is stored in the body, IISc study finds. https://t.co/MBSuGfUST4  https://t.co/ztvAC3Buoi https://t.co/gUtYj8RyJd"
973159359264956416,2018-03-12 11:30:46,26,"RT @CNRS: Le CNRS signe un accord cadre de coopération avec l’ @iiscbangalore, prestigieux institut d’enseignement supérieur et de recherch…"
972379168930328576,2018-03-10 07:50:34,24,"RT @MEOpenDay: See a rocket demonstration burning fuel and oxygen, at the Compression, Gasification, and Propulsion Laboratory (CGPL). Next…"
972378043128823810,2018-03-10 07:46:06,15,RT @CeNSEatIISc: 3000 visitors till mid-day going strong sparking young minds #iiscopenday @iiscbangalore https://t.co/82kT1SC1hN
972340611222200320,2018-03-10 05:17:21,44,RT @MEOpenDay: And it has started! Chairperson of IISc Mechanical Engineering Department inaugurates department activities on IISc Open Day…
972319127921569793,2018-03-10 03:51:59,13,RT @Connect_IISc: The Institute is currently running a three-day trial using electric rickshaws as passenger vehicles on campus. The initia…
972042589997121536,2018-03-09 09:33:07,7,RT @India_Alliance: IA Fellow and cancer biologist @iiscbangalore Dr Annapoorni Rangarajan received @DBTIndia National Women Bioscientists…
969833082307035137,2018-03-03 07:13:20,76,"IISc celebrates Founder's Day on March 3, the birth anniversary of the visionary JN Tata who conceived the idea of the institute and endowed its establishment https://t.co/Me6lZM2VlB https://t.co/8lvxNtgQqV"
969081495192158208,2018-03-01 05:26:47,103,"Mark your calendars! IISc's Open Day will be held on March 10, 2018. This annual event is a chance for the public to get a glimpse of research happening at the institute, see live experiments, demos &amp; exhibitions, and interact with faculty &amp; students https://t.co/S1g8ryUw1a https://t.co/PqgbcKTrtO"
968774826335744001,2018-02-28 09:08:12,95,"Remembering Nobel Laureate Sir CV Raman, the first Indian Director of IISc, on #NationalScienceDay https://t.co/a5NYPBqgV5"
968667294644674561,2018-02-28 02:00:54,23,"Alumnus Vikas Sathaye (M. Tech. Instrumentation 1996) has received a Sci &amp; Engg award from the Academy of Motion Picture Arts &amp; Sciences, USA, for contributing to development of novel aerial camera mount used in filming several Hollywood blockbusters https://t.co/7kdSOmX0hD https://t.co/4TjLiAMoBa"
968117341836869632,2018-02-26 13:35:35,36,"Nobel Laureate Dr. Eric Maskin delivered the Golden Jubilee Memorial Lecture at IISc, spoke about how financial crises happen and possible ways to limit/prevent them. He received the 2007 Nobel Memorial Prize in Economics, with Leonid Hurwicz &amp; Roger Myerson. https://t.co/RZnYwFGEY5"
967423101490221058,2018-02-24 15:36:55,11,"International Conference on Electronics, Computing and Communication Technologies (IEEE CONECCT) organized by IISc and IEEE Bangalore Section to be held on 16-17 March 2018.

Conference website: https://t.co/94GGSgJyGC
Registration: https://t.co/bZEgOZEpU4 https://t.co/AuIUTcnyft"
966892443118419968,2018-02-23 04:28:17,31,"Prof. Sandhya Visweswariah, chair of MRDG and co-chair, BSSE, has been elected as Fellow of The World Academy of Sciences https://t.co/7rGNO3fOyR https://t.co/in4RVRvBbo"
966659216034316289,2018-02-22 13:01:31,38,RT @drharshvardhan: #SupercriticalCarbonDioxideBraytonCycleTestLoop-Congratulation to extra –ordinary team of #IISc for achieving remarkabl…
966593095176302594,2018-02-22 08:38:46,26,RT @IndiaDST: Hon'ble Minister @drharshvardhan inaugurated India’s first #solar powered super critical #carbon #dioxide #Brayton cycle loop…
965810727591165952,2018-02-20 04:49:56,17,"RT @TIFRScience: Dr.Homi Bhabha, Nobel Prize laureate C.V. Raman and Indian politician, freedom-fighter and administrator, Sri Prakasa talk…"
965066364607070210,2018-02-18 03:32:06,9,"Academy Public Lecture: ""How things break: the mechanics of dynamic fracture"" by Prof K Ravi-Chandar, UT Austin - Feb 23, 3 pm @ Faculty Hall, IISc https://t.co/b1Oi43qniM"
964104251608727553,2018-02-15 11:49:00,6,"CBR Lecture: Prof. Michael Zigmond, Univ of Pittsburgh, will speak 
on ""Influence of life style on neurodegenerative disease and aging"" on Feb 21, 4 pm @ IISc Faculty Hall https://t.co/TPKDeaobU6"
963669985267732480,2018-02-14 07:03:23,18,Researchers at IISc and @TechnionLive show how screw-shaped nanomachines controlled by a rotating magnetic field can be used to measure fluid viscosity on the go https://t.co/4tfeOKPwDp https://t.co/xEONhWw9CE
963340480879632384,2018-02-13 09:14:03,16,"RT @USAndIndia: Minister Counselor Garverick visits @IISCBangalore Interdisciplinary Center for Energy Research, where #USIndiaScience are…"
962926442588745728,2018-02-12 05:48:48,3,"RT @IndianWomen_Sci: Deccan Herald speaking with Sandhya Visweswariah on  International Day of Women and Girls in Science
https://t.co/3zhF…"
961836899508789253,2018-02-09 05:39:21,33,"Neuroscientists at IISc have identified a key protein that is broken down very early on in Alzheimer's disease, and could potentially become an early biomarker https://t.co/FfPozOL1S4 https://t.co/OEISQiB2vm"
960802749821566976,2018-02-06 09:10:01,15,"RT @Connect_IISc: Being an ecologist working in the wild sure is fun, but it does come with challenges of its own. Researchers from IISc ex…"
960449292497383424,2018-02-05 09:45:30,11,RT @EPSRC: Researchers @CityUniLondon and @iiscbangalore are collaborating to create low-cost optical sensor platforms for water quality mo…
960024793264283650,2018-02-04 05:38:41,26,"IISc study identifies novel mechanism by which cancer cells spread and survive, and two potential drug targets to prevent metastasis https://t.co/IAXFC05QLl https://t.co/YJJtXRVfJS"
957936550834094081,2018-01-29 11:20:45,30,"IISc scientists have designed new nanotweezers to trap and manoeuvre objects as small as 100 nm: https://t.co/N6WsS7Aov5

@DBTIndia @IndiaDST https://t.co/ekjoY7b3W0"
955770936745062400,2018-01-23 11:55:23,16,"Nobel Laureate Dr. Richard Henderson delivered the MJ Thirumalachar &amp; MJ Narasimhan Memorial Lecture @ IISc today. He was awarded the 2017 Nobel Prize in Chemistry along with Dr. Jacques Dubochet &amp; Dr. Joachim Frank, for his work on developing cryo-electron microscopy. https://t.co/cbyuUjNR7Z"
952360151566106624,2018-01-14 02:02:08,17,"3rd Pratiksha Trust Distinguished Chair launched at IISc with Prof. Christos Papadimitriou of Columbia University as first holder. The 3 Chairs in neuromorphic computing &amp; data science are generously supported by Pratiksha Trust, founded by Mrs. &amp; Mr. Kris Gopalakrishnan. https://t.co/vlKcZign4i"
951423097688670208,2018-01-11 11:58:37,63,"Congratulations to alumnus Dr. K. Sivan for being appointed as @isro Chairman! 
https://t.co/3ihSGpb4oG"
944145360636616704,2017-12-22 09:59:30,32,Single device capable of dual transistor operation developed by IISc scientists https://t.co/5eFsPbK2rR https://t.co/c19SvQ2vgL
943802021697556480,2017-12-21 11:15:11,27,"This year's Distinguished Alumnus Awards were conferred on Mr. S. Ramadorai, former Vice Chair, TCS &amp; Mrs. Sudha Murty, Chair, Infosys Foundation during the 2nd IISc #alumnireunion https://t.co/0xaltgzsjj"
941927380762816512,2017-12-16 07:06:02,14,Panel discussion on Artificial Intelligence underway at IISc #alumnireunion https://t.co/V0BGYyfTOu
941877339306078209,2017-12-16 03:47:11,14,IISc Director addressing alumni at the 2nd annual #alumnireunion https://t.co/HgZG0NImbF
932912879677747205,2017-11-21 10:05:37,36,Novel quantum dot-graphene hybrid developed by IISc scientists may inspire highly efficient next-gen displays &amp; LEDs https://t.co/niYsVT2zc2 https://t.co/QNvrs7rNdH
931090830974115840,2017-11-16 09:25:27,23,Congratulations to alumna @KrishnanYamuna for winning the prestigious @InfosysPrize 2017! https://t.co/5vzHXlsV8Y
924162424403460096,2017-10-28 06:34:26,18,"IISc faculty members Mayank Shrivastava, Arpita Patra &amp; Praveen Kumar have received INAE Young Engineering Award https://t.co/jFEGOFpspY https://t.co/778ePvwxlN"
923774950304972800,2017-10-27 04:54:45,29,"Latest @Connect_IISc issue features stories on aerospace engg's 75 years, Hep-C &amp; dementia, rural innovation &amp; more! https://t.co/HLYLj33G8a https://t.co/5BGVAExonK"
922848475682709504,2017-10-24 15:33:16,161,RT @rashtrapatibhvn: IISc has worked through decades for the cause of science &amp; for the cause of India. Nation building is written into its…
922848438374371329,2017-10-24 15:33:08,175,RT @rashtrapatibhvn: #PresidentKovind attends round-table discussions and appreciates presentations made by leading scientists at @iiscbang…
922803268186652672,2017-10-24 12:33:38,198,RT @rashtrapatibhvn: #PresidentKovind visits Centre for Nano Science and Engineering at @iiscbangalore https://t.co/v1HGV77u4e
920890355985235969,2017-10-19 05:52:24,35,IISc among world's top 200 for engineering &amp; technology in latest @timeshighered subject-wise rankings https://t.co/BRkFF4GjsK
919778868248035328,2017-10-16 04:15:45,41,Profs. Aloke Paul (Mat Engg) &amp; Neelesh Mehta (ECE) win prestigious Shanti Swarup Bhatnagar Prize in Engineering Sciences - 2017 https://t.co/ianVzQDVaL
918449535797542914,2017-10-12 12:13:27,13,Novel drug delivery system for controlled release of aspirin developed by interdisciplinary IISc team https://t.co/uXw6rWMBQf https://t.co/ZiWB4xeie7
913078447638953985,2017-09-27 16:30:40,31,RT @VPSecretariat: Interacting with the Students of Indian Institute of Science. Young and budding scientists must be encouraged. https://t…
903564127276122112,2017-09-01 10:24:10,13,"Blending 2 geoengineering tools may help reduce global temperatures: study by IISc, @carnegiescience, Zhejiang Univ https://t.co/FK4x4rkLBh"
898772267085082625,2017-08-19 05:03:01,20,RT @CeNSEatIISc: @PathShodh healthcare start-up from @CeNSEatIISc  @iiscbangalore  wins FICCI #healthawards17 at 8th Health care excellence…
898510545531293697,2017-08-18 11:43:02,11,Study by IISc researchers provides clues about stress in elephants from freeze-dried dung. https://t.co/dl9sDMLG1N
895524249175080960,2017-08-10 05:56:33,33,RT @MicrosoftIndia: Find out how researchers at @iiscbangalore are using IoT and Microsoft #Azure to tackle water issues in cities. https:/…
894450594823323650,2017-08-07 06:50:14,12,Jindal Aluminium Group has made a generous philanthropic contribution to IISc for a new women's hostel block https://t.co/wQDH1bk90w https://t.co/NeHT29KEHK
891950409312423936,2017-07-31 09:15:23,12,New IISc study reveals interesting clues about how termites build huge mounds https://t.co/jOl7z2NZbO https://t.co/qK9O6PLpOT
889737757211348992,2017-07-25 06:43:06,21,IISc study opens up new avenues for finding special class of insulators https://t.co/251ER82462 https://t.co/uqWBRvotXq
888280604818538496,2017-07-21 06:12:54,4,"RT @ecedeptiisc: Inauguration of new Microelectronics and Photonics building by Director, #IISc on 17 July 2017 !!!!, https://t.co/GVLwM0UZ…"
883890865168568320,2017-07-09 03:29:38,17,Researchers @CeNSEatIISc develop tiny low-cost carbon monoxide sensor using honeycomb nanostructures https://t.co/rsx6mrf9FH https://t.co/Xz5aZv6Wlj
882552728987213824,2017-07-05 10:52:22,139,"RT @RashtrapatiBhvn: #PresidentMukherjee addressed the annual convocation of the Indian Institute of Science, Bengaluru today https://t.co/…"
882201627540676609,2017-07-04 11:37:13,19,GenomeIndia initiative - collaboration b/w institutes across the country - launched to unlock India's DNA https://t.co/QGPSuoLMHk https://t.co/cCAAg18JP9
881076052461625344,2017-07-01 09:04:35,42,RT @PrakashJavdekar: Had a wonderful interaction with students of Center for Nano Science &amp; Engineering at @iiscbangalore. https://t.co/vUr…
879293501132779520,2017-06-26 11:01:21,12,"Latest issue of IISc's Connect features field stations, Kanishka air crash, birdbaths, and notable campus visitors: https://t.co/QJJUGRQjVY https://t.co/G9MBEjkBG9"
870594210553921536,2017-06-02 10:53:29,12,"Nobel Laureate &amp; ANU Vice-Chancellor Prof. Brian Schmidt gave the Sir CV Raman Lecture on ""The Accelerating Universe"" at Faculty Hall https://t.co/SDgbmsfhDn"
868347384069095424,2017-05-27 06:05:24,66,RT @tatatrusts: We observe @iiscbangalore's Founding Day today in memory of #JNTata who conceived and endowed this great establishment. #Pr…
868322321341202432,2017-05-27 04:25:48,87,"IISc turns 108: This day in 1909, the formal vesting order for establishment was signed: https://t.co/17d5CoUSU8 https://t.co/ldBzkVLjXl"
867658226879168512,2017-05-25 08:26:56,12,IISc team finds that etching shiny structure of titanium implants creates nanopillars reducing bacterial infection https://t.co/dPHupolaty
866521191766306816,2017-05-22 05:08:45,7,"RT @Connect_IISc: This Renewable Energy Tech Travelled All the Way From IISc to Antarctica
https://t.co/AMkDk3ty45 https://t.co/Ed1MtbTlGG"
865143473019600896,2017-05-18 09:54:12,9,Alumnus &amp; former faculty V Ramachandran led team that established cause of 1985 Kanishka plane crash: https://t.co/izu5IdG90E https://t.co/YlEG0dVe9D
864458824052166656,2017-05-16 12:33:39,26,"In a first, IISc researchers demonstrate new type of electrical conductor predicted over 20 years ago https://t.co/2C5tHrWeLm"
849087130374635525,2017-04-04 02:32:01,42,"IISc ranked as India's best institution overall in MHRD's #NIRFrankings2017 
https://t.co/D7tcamFRcX"
844036013999771653,2017-03-21 04:00:41,116,"RT @HRDMinistry: IISc, IIT Bombay among top 50 universities in Asia: Survey https://t.co/T1NbAbH938"
839444317395537920,2017-03-08 11:54:56,42,IISc is first Indian institution in world's top 10 Best Small Universities in the @timeshighered global rankings! https://t.co/CupdS6Kpzp
837249042585268225,2017-03-02 10:31:41,19,"Celebrating Founder's Day on March 3, the birth date of Shri JN Tata, who conceived and endowed IISc's establishment. https://t.co/0s4FYC1OJN"
836533527722110978,2017-02-28 11:08:29,67,"#NationalScienceDay commemorates discovery of Raman Effect by first Indian IISc Director, Nobel Laureate Sir CV Raman. Photo: IISc Archives https://t.co/KvfR5YOsu4"
832535284801687552,2017-02-17 10:20:54,64,"It's that time of the year again! IISc's Open Day will be held on March 4, 2017. https://t.co/Ru6ApbbDPP"
832089762383040514,2017-02-16 04:50:33,6,RT @UKinIndia: British High Commissioner #DominicAsquith at @iiscbangalore looking at innovative technologies to detect water leaks in supp…
821947158966341634,2017-01-19 05:07:28,7,"Latest CONNECT issue has interview with Prof. Gadgil, IISc's participation in CERN experiment and more! Read here: https://t.co/lxULPRDc5p https://t.co/Ege8hKjn4m"
817193152952094721,2017-01-06 02:16:45,10,#Alumni-founded #startup Sickle Innovations develops innovative harvesting solutions for farmers https://t.co/opepOoCZmr
814808948410753024,2016-12-30 12:22:46,9,First annual alumni reunion @ IISc saw &gt;300 alumni come home for 3-day celebration from Dec. 16-18. https://t.co/EApSCdeLOU
814034900823076864,2016-12-28 09:06:59,4,RT @ecedeptiisc: ECE Alumnus Shri K . Vijayaraghavan provides a generous contribution of Rs 1 lakh to the ECE Alumni Research Fund for Stud…
813355958428545025,2016-12-26 12:09:06,19,"""Kernel"", IISc's annual magazine provides a snapshot of research and new initiatives at IISc https://t.co/R3D6E6AwVG https://t.co/G5h0HiaHX5"
811870798851903488,2016-12-22 09:47:36,11,Grateful to @kiranshaw for funding R.I.Mazumdar Young Investigator position at IISc to support young faculty https://t.co/JGuCFzOtkX
811145740915380224,2016-12-20 09:46:29,12,"Prof. Sandhya Visweswariah, Co-Chair, BSSE at IISc, has been awarded prestigious Margadarshi Fellowship by Wellcome Trust-DBT India Alliance"
804638211918073857,2016-12-02 10:47:53,19,RT @THEworldunirank: #India has increased its share of top universities in #THEBRICS ranking; @iiscbangalore makes top 15 for first time ht…
804638052765159425,2016-12-02 10:47:15,25,RT @kris_sg: Congrats @iiscbangalore IISc breaks into top 15 in Times varsity rankings of 2017 https://t.co/c7uoBfT62n
799544806246588417,2016-11-18 09:28:31,16,Congratulations to Prof. V. Kumaran for winning the #InfosysPrize2016 in Engineering and Computer Science! https://t.co/JXsyMbJQPz
796301568408596480,2016-11-09 10:41:03,20,"Alumnus Dr. D Rajagopal Rao &amp; Dr. Vijaya Rao make generous contribution to fund biomedical research at BSSE, IISc in perpetuity. https://t.co/MDdo7GCS8V"
793787482961686528,2016-11-02 12:10:58,9,"HAL &amp; IISc to set up new Skill Development Centre @ IISc Challakere, to promote skill dev. at various levels. Bhoomi Pooja held on Oct. 27. https://t.co/sbyKfZgH7d"
790887982945271808,2016-10-25 12:09:23,17,Unique venture by IISc students to convey scientific concepts via traditional folk art https://t.co/RudIW5yOdO https://t.co/Y05dRPRGcA
786888688747753472,2016-10-14 11:17:37,4,Mrs. Sudha Murty Distinguished Chair launched. Prof. Vasant Honavar from Penn State will be first occupant. https://t.co/UKhg4D1hfO https://t.co/Ne5tIlQVfs
783937740496744448,2016-10-06 07:51:36,11,"IISconnect, 1st #research #careerfair saw 100+ industry delegates; graduating students presenting their research https://t.co/Dd7S01bUY3 https://t.co/jkkbar9SWp"
781026476359581696,2016-09-28 07:03:17,6,"3 faculty members selected for prestigious SS Bhatnagar Prize that recognizes ""notable and outstanding research"" https://t.co/imcLlVUhIL"
780644273838366724,2016-09-27 05:44:33,7,"#Medicaldevice #Hackathon at IISc from Nov 3-6, organized by @designatiisc &amp; BETiC @iitbombay. Apply by Oct. 5. https://t.co/SmxLS0teHn"
779700278287151104,2016-09-24 15:13:27,41,IISc ranked #1 Indian institution in @timeshighered World University Rankings 2016-17 https://t.co/YhpALQJ1xQ
778886312862425088,2016-09-22 09:19:02,7,"Privileged to host Sir Leszek Borysiewicz, VC, @Cambridge_Uni. He spoke on ""Global collaboration in the face of global challenges"". https://t.co/38JXsPJsRQ"
778380023401021440,2016-09-20 23:47:13,24,"RT @Cambridge_Uni: ""No matter how good it is an individual research organisation cannot attain excellence alone"" - VC @iiscbangalore https:…"
778214116704083968,2016-09-20 12:47:58,7,"Profs. Saptarshi Basu, K.V.S. Hari, Ramesh Hariharan and Sampath Srinivasan elected as fellows of Indian National Academy of Engineering https://t.co/Bz5wd7txsR"
777864442927194113,2016-09-19 13:38:29,8,"Inviting applications for #Editorial Consultant &amp; Trainee #Writers at Archives &amp; Publications Cell, IISc https://t.co/HLnkqC8lhS"
776387126275502080,2016-09-15 11:48:10,7,"IISc team creates ""automation tool"" for controlled drug release in localized tumours https://t.co/ZDpeafKHIk"
775948500685033473,2016-09-14 06:45:13,6,IISconnect -- Research #careerfair &amp; #industry interaction day to be held on October 3 https://t.co/wRBEiHb8I2
775301763297529857,2016-09-12 11:55:19,4,"#Distinguished #Alumnus Awards presented to Profs. Balakrishnan, Ajay Sood &amp; Ramalingam Chellapa https://t.co/5MtDkRHo3K"
773420652502147072,2016-09-07 07:20:27,3,"Excited to announce that first Alumni Day will be held on Dec 17, 2016! https://t.co/s45sqE4nBD"
773418995315838976,2016-09-07 07:13:52,10,RT @TopUnis: .@iiscbangalore is no.1 in India! Which other unis made it to the country's top 10? https://t.co/rLHpLRF7Aq #QSWUR https://t.c…
770559896383356928,2016-08-30 09:52:50,21,IISc and JNCASR scientists design first-of-its-kind micro heat engine using bacterial reservoirs https://t.co/U8ATHPyu5p
764847280163659776,2016-08-14 15:32:56,9,"Five faculty members awarded INSA Medal for Young Scientists 2016, the highest number for an institution this year: https://t.co/OiuV10t2qq"
754185747318513664,2016-07-16 05:27:48,11,Distinguished alumnus Prof. Sunil Kumar named 15th Provost of Johns Hopkins University: https://t.co/x9FUbW8qSm
728556304369754112,2016-05-06 12:05:33,10,"Prof. Sriram Ramaswamy, widely regarded for his work on Active Matter, elected as Fellow of @royalsociety: https://t.co/zLKfAWsdlH"
720097763506069504,2016-04-13 03:54:20,71,RT @RashtrapatiBhvn: #PresidentMukherjee conferred Padma Shri on Yoga Guru Dr. H.R. Nagendra https://t.co/5jGsCeRckJ
720097641242169344,2016-04-13 03:53:51,76,RT @RashtrapatiBhvn: #PresidentMukherjee conferred Padma Vibhushan on scientist Dr. Vasudev Kalkunte Aatre https://t.co/mIqlkrJXPI
720097501940854784,2016-04-13 03:53:17,107,"RT @RashtrapatiBhvn: #PresidentMukherjee conferred Padma Shri on Prof Dipankar Chatterji faculty, Molecular Biophysics Unit, IISc B'lore ht…"
719388603030188032,2016-04-11 04:56:23,5,ET article on IISc faculty members exploring shock wave technology for varied applications through their startup: https://t.co/GyvpjdaasP
717231863841038336,2016-04-05 06:06:16,16,"IISc is India's top university in MHRD's first-ever national ranking of higher education institutions! 
https://t.co/wkocUtXHjB"
705313991883517953,2016-03-03 08:48:54,70,"RT @TataCompanies: #JNTata was so deeply committed to education, he pledged almost half his wealth to fund IISc https://t.co/ACIwuq9R33 htt…"
704934147530354688,2016-03-02 07:39:32,5,"Open Day - IISc's annual public outreach event - to be held on March 5, 2016 https://t.co/QcQiRnnFJz"
699514711079931905,2016-02-16 08:44:38,6,"Infosys Foundation funds infectious diseases research @ CIDR, IISc https://t.co/JVRGFE8Wjb"
692225201778606080,2016-01-27 05:58:43,9,Alumni Dr. VK Aatre &amp; Prof. Dipankar Chatterji win prestigious Padma Vibhushan &amp; Padma Shri awards respectively https://t.co/0UJmeISb3S
684583733966422017,2016-01-06 03:54:15,8,"In a first, interdisciplinary IISc team uses shockwaves in living organisms to treat highly resistant biofilms: https://t.co/14Ll0u4Dee"
679910009459707907,2015-12-24 06:22:33,6,Alumni-founded startup develops 3D printed liver tissue that can be used for drug and vaccine development https://t.co/FikRchFAaj
679630691978485760,2015-12-23 11:52:38,8,IISc CeNSE team develops new cost-effective technology to etch nanocircuits on electronic chips: https://t.co/p8izN1Y1gt
677377105429065732,2015-12-17 06:37:41,23,"RT @kiranshaw: Kudos to @iiscbangalore for developing #solar powered cooking device
https://t.co/4uQRvb9lHB"
677376793569964038,2015-12-17 06:36:27,3,Former Professor A. Selvarajan and his wife Mrs. Indira Devi contribute Rs. 20 lakhs to ECE Photonics Research Fund https://t.co/8mCIG0vFWc
676367440427651072,2015-12-14 11:45:38,5,"IISc signs MoU with GE India Technology Center, Bangalore, to promote collaborative research and CSR activities: https://t.co/FCuKZN16h9"
665032320777240576,2015-11-13 05:03:55,19,IISc is first Indian Institution in top 100 universities worldwide in Engg. &amp; Technology @timeshighered Rankings https://t.co/XBw7781yTT
659979269234298880,2015-10-30 06:24:54,10,Prof. Mayank Shrivastava (DESE) wins IEEE EDS Early Career Award - first Indian scientist to get this recognition! https://t.co/nrc4zLgdUK
649101143537152000,2015-09-30 05:59:06,3,IISc faculty members win coveted National awards &amp; honours http://t.co/0cooyIoA9X http://t.co/Xw9rKeWizH
643707438089113601,2015-09-15 08:46:27,133,RT @RashtrapatiBhvn: Heartiest congratulations IISc Bangalore &amp; IIT Delhi on being ranked 147 &amp; 179 respectively in QS World Univ Rankings …
641892383521529856,2015-09-10 08:34:04,1,IISc alumni wish their teachers on Teachers' Day: http://t.co/MJxgNqp7lK
641840474320297984,2015-09-10 05:07:48,3,"IISc has set up an Office of Development &amp; Alumni Affairs to connect w/ industry, alumni &amp; philanthropists. More at http://t.co/I3Kok6lPpC"
615880133262508032,2015-06-30 13:50:40,12,"IISc launches a website / portal for alumni. Please register at:
http://t.co/RexGSJgF7g

And, do please spread the word!"
614280379990564864,2015-06-26 03:53:50,3,"In the afternoon, an address by Prof. Anurag Kumar (Director, IISc), followed by a session w/ Prof. V.S. Arunachalam and Dr. Arun Shourie."
614279575447605248,2015-06-26 03:50:38,7,"Day 1 at IISc-AGC: Tributes to Prof. C.N.R. Rao. A session on IISc's contributions to Indian Space, Defence and Atomic Energy Programs."
614278766190161920,2015-06-26 03:47:25,5,"A live webcast of the IISc Alumni Global Conference is available here:
http://t.co/h4UpBcLnut"
614278442977071104,2015-06-26 03:46:08,5,"The Big Day is here. The IISc Alumni Global Conference starts today!
http://t.co/ykTYT2LFRB"
613198553918222336,2015-06-23 04:15:02,1,"In a coordinated initiative, Kris Gopalakrishnan has set up such Chairs at IIT-M (@reachIITM ) as well.
https://t.co/9Q2ezWM3qY"
613195740714631168,2015-06-23 04:03:51,1,Prof.  Shihab Shamma (University of Maryland) to be the first K. Vaidyanathan Distinguished Chair.
613194884900454400,2015-06-23 04:00:27,2,"Three Distinguished Chairs have been set up w/ grant from Pratiksha Trust run Kris &amp; Sudha Gopalakrishnan.
https://t.co/sU0yJO67qH"
580339731474481152,2015-03-24 12:05:48,5,"He shares this Prize with Prof. Jane Lubchenco of Oregon State University. Here's a profile of the Prize winners:
http://t.co/nYZBeNXIGf"
580339080988229632,2015-03-24 12:03:13,14,Congrats to Prof. Madhav Gadgil (founder of Centre for Ecological Sciences) on winning the Tyler Prize for Environmental Achievement.
575141436305211392,2015-03-10 03:49:38,6,"RT @megha_prakash: ""@NatureNews: Senior female scientists are a rarity in the developing world: http://t.co/rG12ZA0nXq http://t.co/q5t3NZV6…"
574137768239988736,2015-03-07 09:21:25,2,"Second ad from IISc is for Development Consultant (DC): 
http://t.co/xUzL1Vtfea"
574137457374949377,2015-03-07 09:20:11,3,"Job ad from IISc for Chief Development Consultant (CDC) to engage with philanthropists and donors:
http://t.co/Ew7AUb2gML"
574134955476848641,2015-03-07 09:10:14,7,"RT @ecedeptiisc: Join us for Google+ Hangout Sessions #prospective #students: Admissions to ECE, IISc - Demystified | 10 Mar &amp; 11 Mar http:…"
573417253296685057,2015-03-05 09:38:21,2,"Please spread the word. IISc has a recruitment ad for the post of Registrar. Deadline: 20th March 2015. 
http://t.co/lnF7U1TQ0T"
572587034868629504,2015-03-03 02:39:21,15,"#IIScTradition: Founder's Day Celebrations at IISc today, the 176th birth anniversary of Jamsetji Tata. #Respect #Philanthropy"
572046099646574593,2015-03-01 14:49:52,5,RT @GopalRajN: IISc researchers create a superior membrane with nano-pores for water filtration @RPrasad12 @TheHindu  http://t.co/C56woWJd9V
571710952489406464,2015-02-28 16:38:07,1,"Time: 4:30 p.m.
Venue: Auditorium, Physical Sciences Building
Release by Prof. Roddam Narasimha.
#PopularScience #Sunspots"
571710327638773760,2015-02-28 16:35:38,2,"""Nature's Third Cycle: A Story of Sunspots,"" a #popsci book from OUP by IISc astrophysicist Arnab Rai Choudhuri to be released on 4 March."
571693574925910017,2015-02-28 15:29:04,0,"@eric_lander at IISc yesterday. A full house at J.N. Tata Auditorium. The satellite halls were full too! See pic: 
http://t.co/VCsCCC9zO4"
571676982284443649,2015-02-28 14:23:08,4,RT @lalitpatnaik: LED cube at Dept of Electronic Systems Engineering. #IIScOpenDay #IIScOD2015 http://t.co/0Wll11rnoX
571676940660154368,2015-02-28 14:22:58,5,RT @lalitpatnaik: Quadcopter drone at Dept of Electronic Systems Engg. #IIScOpenDay #IIScOD2015 http://t.co/McipKQDNWs
571676747940274177,2015-02-28 14:22:12,8,RT @ecedeptiisc: #IISc #OpenDay then came the #rain http://t.co/tvwg51HGvz
571503682941947904,2015-02-28 02:54:30,1,"#IIScOpenDay. Cryogenic technology. Cloud Chamber. Physics of ""Interstellar"". Photonics. Breathtaking puzzles and problems in math. &amp;more."
571503049463631872,2015-02-28 02:51:59,0,#IIScOpenDay. Show-and-tell experiments on engineering phenomena and principles. Simulations. Videos. Loads of fun.
571501927298543616,2015-02-28 02:47:32,0,"#IIScOpenDay. Check out the Clean Room in CeNSE, India's fastest supercomputer in SERC, Hypersonic and shockwave labs in Aerospace."
571499955065524226,2015-02-28 02:39:41,0,"#IIScOpenDay. Coding contests, Quizzes, Joy of music processing, Handwritten word recognition, Li-fi hotspots, Embedded systems, and more."
571499020243189760,2015-02-28 02:35:59,0,"#IIScOpenDay. Chemical Sensing, Wavelength Conversion, Self-cleaning Surfaces, Nucleation demo, Dye Sensitized Solar Cell, and more."
571498238571765760,2015-02-28 02:32:52,0,"#IIScOpenDay. Human brain demo, Virus models, Real time shows of X-ray diffraction from protein crystals, Nature walks, and more."
571496508383608833,2015-02-28 02:26:00,3,"#Explore #Science. Check out this brochure for a quick list of things you can see/do/explore during #IIScOpenDay.
http://t.co/1q5836FDNl"
571494624436473856,2015-02-28 02:18:30,2,"#IIScOpenDay today. @Papiyais in TNE: ""Drop by at IISc for some fun activities this Saturday"" 
http://t.co/ApzG2jSP5m

#Explore #Science"
571494078606491648,2015-02-28 02:16:20,5,"Happy #NationalScienceDay, everyone! If you are in Bangalore, come join us at #IIScOpenDay Celebrations. #Science"
571316672826486784,2015-02-27 14:31:24,2,"RT @ecedeptiisc: The Schedule for #OpenDay at #ECEDept is out! Lectures, demonstrations and quizzes all through the day! #IISc http://t.co/…"
571261821430026240,2015-02-27 10:53:26,3,"The Exhibition has been curated, and the posters designed, by the Tata Central Archives, Pune. #Gratitude #philanthropy #IIScOpenDay"
571261364800368640,2015-02-27 10:51:37,3,"Tomorrow, do visit the poster exhibition on the life of our founder J.N. Tata in the Main Building.  #inspiring #philanthropy #IIScOpenDay"
571260327054024706,2015-02-27 10:47:30,0,"For admission to the Undergraduate program at IISc, 30th April is the deadline for filing applications. See: 
http://t.co/jFbVwCIkEN"
571259152657354753,2015-02-27 10:42:50,1,"For admission into Masters/PhD programs at IISc, 20th March is the deadline for filing applications. 
http://t.co/tF3ExfrNCH"
571154967014174720,2015-02-27 03:48:50,2,"The Cell Press - TNQ India Distinguished Lectureship Series 2015. Talk by Eric Lander: ""Secrets of the Human Genome"". 
Faculty Hall at 4:30"
571153784308527105,2015-02-27 03:44:08,0,"""Democracy, Inclusion, Propsperity"" is the title of Sir Vithal N. Chandavarkar Memorial Lecture by Raghuram Rajan. 
Faculty Hall at noon."
571153137114836992,2015-02-27 03:41:34,3,"Bid Day at IISc! Faculty Hall will host talks by RBI Governor Raghuram Rajan at 12:00, and MIT Biologist Eric Lander at 4:30."
570987983685287936,2015-02-26 16:45:18,0,"It's great that this year's #IIScOpenDay shares this special bond with Sir C.V. Raman, the first Indian Director of IISc (1933-37)!"
570986538206519297,2015-02-26 16:39:33,4,"#IIScOpenDay is an annual event held around the 28th of Feb, India's National Science Day, commemorating Raman's Nobel-winning discovery."
570985374815686656,2015-02-26 16:34:56,9,"IISc celebrates Open Day this Saturday, the 28th of February. Come explore our Departments &amp; Centres! #IIScOpenDay
http://t.co/1q5836FDNl"
522811255761825797,2014-10-16 18:08:11,1,Hello Twitter! #myfirstTweet
